{
  "tokenizer": "llama-3.1-8b",
  "max_docs": 500,
  "per_occurrence": true,
  "results": {
    "news": {
      "n_occurrences": 13025,
      "n_unique": 3549,
      "n_unseen_in_global": 0,
      "frac_unseen": 0.0,
      "mean_delta_r": 2.0540869331876648,
      "var_delta_r": 8.617160312915418,
      "std_delta_r": 2.9355000107163036,
      "beta": 0.11604751028029477,
      "median_delta_r": 1.219758964491649,
      "percentiles": {
        "p5": -1.222392421336448,
        "p25": 0.0,
        "p50": 1.219758964491649,
        "p75": 3.385581091282884,
        "p95": 7.58331786813751
      }
    },
    "biomedical": {
      "n_occurrences": 14981,
      "n_unique": 3106,
      "n_unseen_in_global": 0,
      "frac_unseen": 0.0,
      "mean_delta_r": 2.893573306902531,
      "var_delta_r": 11.050225168713355,
      "std_delta_r": 3.3241878961203977,
      "beta": 0.09049589349828932,
      "median_delta_r": 2.252033886273565,
      "percentiles": {
        "p5": -1.0,
        "p25": 0.2630344058337938,
        "p50": 2.252033886273565,
        "p75": 4.7851296983557905,
        "p95": 8.783151040254292
      }
    },
    "legal": {
      "n_occurrences": 14327,
      "n_unique": 2902,
      "n_unseen_in_global": 0,
      "frac_unseen": 0.0,
      "mean_delta_r": 2.372520766924111,
      "var_delta_r": 9.78081499235587,
      "std_delta_r": 3.1274294544171366,
      "beta": 0.10224096875173933,
      "median_delta_r": 1.7446428153157658,
      "percentiles": {
        "p5": -1.072568625950645,
        "p25": 0.15200309344505006,
        "p50": 1.7446428153157658,
        "p75": 3.989658055778541,
        "p95": 7.576744299275549
      }
    },
    "code": {
      "n_occurrences": 20694,
      "n_unique": 2770,
      "n_unseen_in_global": 131,
      "frac_unseen": 0.006330337295834541,
      "mean_delta_r": 5.096639076023695,
      "var_delta_r": 19.51942419528105,
      "std_delta_r": 4.418079242757089,
      "beta": 0.05123101941919765,
      "median_delta_r": 5.754857980784266,
      "percentiles": {
        "p5": -1.980349804623077,
        "p25": 0.8073549220576041,
        "p50": 5.754857980784266,
        "p75": 8.470815727573568,
        "p95": 11.323730337521347
      }
    },
    "social_media": {
      "n_occurrences": 13851,
      "n_unique": 3593,
      "n_unseen_in_global": 3,
      "frac_unseen": 0.00021659085986571366,
      "mean_delta_r": 2.6340738432711976,
      "var_delta_r": 9.872049479034034,
      "std_delta_r": 3.141981775732322,
      "beta": 0.10129608873251399,
      "median_delta_r": 2.1743301805623134,
      "percentiles": {
        "p5": -1.398549376490275,
        "p25": 0.27089819326804626,
        "p50": 2.1743301805623134,
        "p75": 4.5155320927991855,
        "p95": 7.796288128812096
      }
    }
  }
}