{
  "news_gpt-5.1": {
    "domain": "news",
    "tokenizer": "gpt-5.1",
    "n_unique_tokens": 55479,
    "total_tokens": 4596732,
    "sigma2_delta_r": 1.013086343721924,
    "beta": 0.9870826965509705,
    "mean_delta_r": 0.1397765667226963,
    "std_delta_r": 1.0065219042434814,
    "median_delta_r": 0.16637390641000294,
    "skew_delta_r": 0.1926952608285844,
    "percentiles": {
      "p5": -1.482267440611968,
      "p25": -0.44494518254492965,
      "p50": 0.16637390641000294,
      "p75": 0.7039941083574426,
      "p95": 1.689591899761835
    },
    "deviations_histogram": {
      "bin_edges": [
        -8.948195431043732,
        -8.59552371420986,
        -8.242851997375988,
        -7.890180280542115,
        -7.537508563708242,
        -7.1848368468743695,
        -6.832165130040497,
        -6.479493413206624,
        -6.126821696372751,
        -5.774149979538879,
        -5.421478262705007,
        -5.0688065458711336,
        -4.716134829037261,
        -4.363463112203388,
        -4.010791395369516,
        -3.658119678535643,
        -3.3054479617017707,
        -2.9527762448678985,
        -2.6001045280340254,
        -2.247432811200153,
        -1.89476109436628,
        -1.5420893775324078,
        -1.1894176606985347,
        -0.8367459438646616,
        -0.4840742270307903,
        -0.13140251019691718,
        0.22126920663695593,
        0.5739409234708273,
        0.9266126403047004,
        1.2792843571385735,
        1.6319560739724466,
        1.984627790806318,
        2.337299507640191,
        2.689971224474064,
        3.0426429413079354,
        3.3953146581418086,
        3.7479863749756817,
        4.100658091809555,
        4.453329808643426,
        4.806001525477299,
        5.158673242311172,
        5.511344959145044,
        5.864016675978917,
        6.21668839281279,
        6.569360109646663,
        6.922031826480534,
        7.274703543314409,
        7.6273752601482805,
        7.980046976982152,
        8.332718693816027,
        8.6853904106499
      ],
      "counts": [
        1,
        0,
        1,
        0,
        0,
        0,
        0,
        0,
        4,
        6,
        8,
        9,
        9,
        20,
        21,
        43,
        89,
        163,
        302,
        627,
        1177,
        2096,
        3349,
        5226,
        7063,
        9085,
        9303,
        7392,
        4170,
        2277,
        1219,
        707,
        405,
        237,
        158,
        96,
        55,
        48,
        37,
        24,
        17,
        10,
        7,
        9,
        4,
        2,
        1,
        1,
        0,
        1
      ]
    }
  },
  "biomedical_gpt-5.1": {
    "domain": "biomedical",
    "tokenizer": "gpt-5.1",
    "n_unique_tokens": 20355,
    "total_tokens": 502988,
    "sigma2_delta_r": 2.877105443749009,
    "beta": 0.3475715504875453,
    "mean_delta_r": 1.037313081817094,
    "std_delta_r": 1.6962032436441716,
    "median_delta_r": 1.2005879960105115,
    "skew_delta_r": -0.38707259054423593,
    "percentiles": {
      "p5": -1.9683429231395784,
      "p25": 0.10052468599059432,
      "p50": 1.2005879960105115,
      "p75": 2.0509291724981833,
      "p95": 3.568014972941961
    },
    "deviations_histogram": {
      "bin_edges": [
        -8.193114628814202,
        -7.867186580069678,
        -7.541258531325153,
        -7.215330482580629,
        -6.889402433836104,
        -6.563474385091579,
        -6.237546336347055,
        -5.911618287602531,
        -5.585690238858007,
        -5.259762190113482,
        -4.9338341413689575,
        -4.607906092624432,
        -4.281978043879908,
        -3.956049995135384,
        -3.63012194639086,
        -3.3041938976463348,
        -2.9782658489018106,
        -2.6523378001572864,
        -2.3264097514127613,
        -2.000481702668237,
        -1.674553653923713,
        -1.3486256051791878,
        -1.0226975564346636,
        -0.6967695076901395,
        -0.3708414589456144,
        -0.04491341020109019,
        0.281014638543434,
        0.6069426872879582,
        0.9328707360324824,
        1.2587987847770084,
        1.5847268335215325,
        1.9106548822660567,
        2.236582931010581,
        2.562510979755105,
        2.8884390284996293,
        3.2143670772441535,
        3.5402951259886795,
        3.8662231747332036,
        4.192151223477728,
        4.518079272222252,
        4.844007320966776,
        5.1699353697113,
        5.495863418455826,
        5.821791467200351,
        6.147719515944875,
        6.473647564689399,
        6.799575613433923,
        7.125503662178447,
        7.451431710922973,
        7.7773597596674975,
        8.103287808412022
      ],
      "counts": [
        1,
        1,
        1,
        0,
        4,
        9,
        6,
        11,
        14,
        17,
        14,
        22,
        46,
        55,
        81,
        99,
        152,
        197,
        260,
        352,
        393,
        528,
        637,
        800,
        926,
        1077,
        1323,
        1638,
        1831,
        2013,
        1997,
        1623,
        1235,
        904,
        590,
        444,
        302,
        207,
        133,
        117,
        90,
        65,
        56,
        30,
        15,
        18,
        10,
        5,
        3,
        3
      ]
    }
  },
  "legal_gpt-5.1": {
    "domain": "legal",
    "tokenizer": "gpt-5.1",
    "n_unique_tokens": 1332,
    "total_tokens": 10075,
    "sigma2_delta_r": 6.085761140913178,
    "beta": 0.16431798370744938,
    "mean_delta_r": 2.9683534842574772,
    "std_delta_r": 2.466933550161653,
    "median_delta_r": 3.145494827918524,
    "skew_delta_r": -0.1717557403076621,
    "percentiles": {
      "p5": -1.2718737268709968,
      "p25": 1.3641770985533541,
      "p50": 3.145494827918524,
      "p75": 4.721181144877839,
      "p95": 6.541197980297944
    },
    "deviations_histogram": {
      "bin_edges": [
        -4.594041794632019,
        -4.276316556403911,
        -3.9585913181758032,
        -3.6408660799476955,
        -3.323140841719588,
        -3.00541560349148,
        -2.687690365263373,
        -2.369965127035265,
        -2.0522398888071574,
        -1.7345146505790496,
        -1.416789412350942,
        -1.0990641741228342,
        -0.7813389358947269,
        -0.4636136976666192,
        -0.14588845943851148,
        0.17183677878959625,
        0.48956201701770397,
        0.8072872552458117,
        1.1250124934739194,
        1.4427377317020271,
        1.7604629699301348,
        2.0781882081582426,
        2.3959134463863503,
        2.713638684614458,
        3.031363922842565,
        3.3490891610706726,
        3.6668143992987803,
        3.984539637526889,
        4.302264875754996,
        4.619990113983104,
        4.937715352211211,
        5.25544059043932,
        5.573165828667427,
        5.890891066895533,
        6.208616305123642,
        6.526341543351749,
        6.8440667815798575,
        7.161792019807964,
        7.479517258036073,
        7.79724249626418,
        8.11496773449229,
        8.432692972720396,
        8.750418210948503,
        9.06814344917661,
        9.38586868740472,
        9.703593925632827,
        10.021319163860934,
        10.33904440208904,
        10.656769640317147,
        10.974494878545258,
        11.292220116773366
      ],