{
  "beta_0.5": {
    "mann_whitney_u": 776.0,
    "mann_whitney_p": 0.9999993073739609,
    "ks_statistic": 0.6333333333333333,
    "ks_pvalue": 5.795481973815609e-06,
    "cohens_d": -1.372633956788225,
    "auroc": 0.13777777777777775,
    "factual_mean": 0.7666579403601218,
    "factual_std": 0.05555907488393623,
    "hallucination_mean": 0.6912142189602036,
    "hallucination_std": 0.054359860864326634,
    "n_factual": 30,
    "n_hallucination": 30,
    "mean_gap_auroc": 0.13777777777777775,
    "max_gap_auroc": 0.2777777777777778,
    "pct_pos_auroc": 0.5977777777777777
  },
  "beta_1.0": {
    "mann_whitney_u": 776.0,
    "mann_whitney_p": 0.9999993073739609,
    "ks_statistic": 0.6333333333333333,
    "ks_pvalue": 5.795481973815609e-06,
    "cohens_d": -1.372633956788225,
    "auroc": 0.13777777777777775,
    "factual_mean": 0.7666579403601218,
    "factual_std": 0.05555907488393623,
    "hallucination_mean": 0.6912142189602036,
    "hallucination_std": 0.054359860864326634,
    "n_factual": 30,
    "n_hallucination": 30,
    "mean_gap_auroc": 0.13777777777777775,
    "max_gap_auroc": 0.2777777777777778,
    "pct_pos_auroc": 0.5977777777777777
  },
  "beta_1.5": {
    "mann_whitney_u": 776.0,
    "mann_whitney_p": 0.9999993073739609,
    "ks_statistic": 0.6333333333333333,
    "ks_pvalue": 5.795481973815609e-06,
    "cohens_d": -1.372633956788225,
    "auroc": 0.13777777777777775,
    "factual_mean": 0.7666579403601218,
    "factual_std": 0.05555907488393623,
    "hallucination_mean": 0.6912142189602036,
    "hallucination_std": 0.054359860864326634,
    "n_factual": 30,
    "n_hallucination": 30,
    "mean_gap_auroc": 0.13777777777777775,
    "max_gap_auroc": 0.2777777777777778,
    "pct_pos_auroc": 0.5977777777777777
  },
  "beta_2.0": {
    "mann_whitney_u": 776.0,
    "mann_whitney_p": 0.9999993073739609,
    "ks_statistic": 0.6333333333333333,
    "ks_pvalue": 5.795481973815609e-06,
    "cohens_d": -1.372633956788225,
    "auroc": 0.13777777777777775,
    "factual_mean": 0.7666579403601218,
    "factual_std": 0.05555907488393623,
    "hallucination_mean": 0.6912142189602036,
    "hallucination_std": 0.054359860864326634,
    "n_factual": 30,
    "n_hallucination": 30,
    "mean_gap_auroc": 0.13777777777777775,
    "max_gap_auroc": 0.2777777777777778,
    "pct_pos_auroc": 0.5977777777777777
  }
}