{
  "betas_evaluated": [
    0.05123101941919765,
    0.09049589349828932,
    0.10129608873251399,
    0.10224096875173933,
    0.11604751028029477,
    1.0
  ],
  "domain_betas": {
    "news": 0.11604751028029477,
    "biomedical": 0.09049589349828932,
    "legal": 0.10224096875173933,
    "code": 0.05123101941919765,
    "social_media": 0.10129608873251399
  },
  "benchmarks": {
    "frank": {
      "n_spans_with_entities": 2730,
      "auc_by_beta": {
        "0.0512": 0.5020911265767725,
        "0.0905": 0.5209177903436276,
        "0.1013": 0.5248265550239234,
        "0.1022": 0.5251239669421488,
        "0.1160": 0.529256742061766,
        "1.0000": 0.5568959330143541
      }
    },
    "halueval": {
      "n_examples_with_entities": 5527,
      "auc_by_beta_overall": {
        "0.0512": 0.5366420651521442,
        "0.0905": 0.5374981819912683,
        "0.1013": 0.5376544646327887,
        "0.1022": 0.5376786606762728,
        "0.1160": 0.5378263490946977,
        "1.0000": 0.5390692059731172
      },
      "auc_by_beta_per_task": {
        "dialogue": {
          "0.0512": 0.5383041331998304,
          "0.0905": 0.5359459691864625,
          "0.1013": 0.5348689091086636,
          "0.1022": 0.5348091534074595,
          "0.1160": 0.5338297428901647,
          "1.0000": 0.5201165381919091
        },
        "qa": {
          "0.0512": 0.537504874118548,
          "0.0905": 0.5437519672647152,
          "0.1013": 0.5457110105750755,
          "0.1022": 0.5458566468883158,
          "0.1160": 0.5479871652126524,
          "1.0000": 0.5695941914600745
        },
        "summarization": {
          "0.0512": 0.5229851017350198,
          "0.0905": 0.5243119705768096,
          "0.1013": 0.5245450555216411,
          "0.1022": 0.5245551457789931,
          "0.1160": 0.5245329472128186,
          "1.0000": 0.5189600980773015
        }
      }
    },
    "truthfulqa": {
      "n_candidates_with_entities": 2326,
      "auc_by_beta": {
        "0.0512": 0.5578771606749019,
        "0.0905": 0.55695639538042,
        "0.1013": 0.5564253935660508,
        "0.1022": 0.5563914420433929,
        "0.1160": 0.5556200634486056,
        "1.0000": 0.529099850070076
      }
    }
  }
}