{
  "betas_evaluated": [
    0.05123101941919765,
    0.09049589349828932,
    0.10129608873251399,
    0.10224096875173933,
    0.11604751028029477,
    1.0
  ],
  "domain_betas": {
    "news": 0.11604751028029477,
    "biomedical": 0.09049589349828932,
    "legal": 0.10224096875173933,
    "code": 0.05123101941919765,
    "social_media": 0.10129608873251399
  },
  "benchmarks": {
    "frank": {
      "n_spans_with_entities": 354,
      "auc_by_beta": {
        "0.0512": 0.5277266857120495,
        "0.0905": 0.5290181192032246,
        "0.1013": 0.52741361092631,
        "0.1022": 0.5273744765780926,
        "0.1160": 0.5234219074081321,
        "1.0000": 0.47704770477047703
      }
    },
    "halueval": {
      "n_examples_with_entities": 4,
      "auc_by_beta_overall": {
        "0.0512": 0.33333333333333337,
        "0.0905": 0.33333333333333337,
        "0.1013": 0.33333333333333337,
        "0.1022": 0.33333333333333337,
        "0.1160": 0.33333333333333337,
        "1.0000": 0.0
      },
      "auc_by_beta_per_task": {
        "qa": {
          "0.0512": 0.33333333333333337,
          "0.0905": 0.33333333333333337,
          "0.1013": 0.33333333333333337,
          "0.1022": 0.33333333333333337,
          "0.1160": 0.33333333333333337,
          "1.0000": 0.0
        }
      }
    }
  }
}